"Subject Code","Question","Option A","Option B","Option C","Option D","Correct Option"
"MTH201","What is the place value of 7 in 4,782?","700","7,000","70","70,000","B"
"MTH201","What is the place value of 4 in 4,782?","4,000","40","400","4","C"
"MTH201","What is the place value of 8 in 4,782?","80","8","80,000","800","A"
"MTH201","Round 6,743 to the nearest hundred.","6,740","6,800","6,750","6,700","D"
"MTH201","Round 8,451 to the nearest hundred.","8,400","8,460","8,450","8,500","D"
"MTH201","Round 2,318 to the nearest ten.","2,310","2,300","2,330","2,320","D"
"MTH201","What is the value of 5 raised to the power of 3?","125","15","25","50","A"
"MTH201","What is the value of the square root of 144?","14","16","12","18","C"
"MTH201","Which of these numbers is the largest?","1,200","1,024","1,204","1,240","D"
"MTH201","Arrange these in ascending order: 3, 7, 1, 5","1, 5, 3, 7","1, 3, 5, 7","3, 7, 1, 5","7, 5, 3, 1","B"
"MTH201","What is the greatest common divisor of 12 and 18?","3","6","12","9","B"
"MTH201","What is the lowest common multiple of 4 and 6?","24","10","8","12","D"
"MTH201","Simplify the fraction 4 over 8 to its lowest terms.","1 over 2","2 over 4","1 over 4","2 over 1","A"
"MTH201","Which fraction is the largest?","1 over 3","1 over 4","1 over 5","1 over 2","D"
"MTH201","Write 3/4 as a decimal number.","0.75","0.25","0.43","0.34","A"
"MTH201","Which of these is a proper fraction?","7 over 4","5 over 3","9 over 2","4 over 7","D"
"MTH201","If 2n + 5 = 17, what is the value of n?","6","11","7","5","A"
"MTH201","If 3x - 4 = 11, what is the value of x?","5","7","6","15","A"
"MTH201","Solve for y: y divided by 4 equals 9","13","5","36","40","C"
"MTH201","What is the value of n if n squared equals 81?","9","27","18","3","A"
"MTH201","What is the sum of the first five positive whole numbers?","25","15","20","10","B"
"MTH201","Which of these is an even number?","48","33","27","51","A"
"MTH201","The opposite of -8 is","-8","16","8","0","C"
"MTH201","What is the mean of 4, 8, 10 and 14?","9","10","11","8","A"
"MTH201","The median of 3, 5, 7, 9 and 11 is","5","9","8","7","D"
"MTH201","The mode of 2, 4, 4, 6 and 8 is","2","4","6","8","B"
"MTH201","What is the range of 3, 9, 4, 12 and 7?","9","15","12","7","A"
"MTH201","What is 15 percent of 200?","150","15","30","250","C"
"MTH201","A shop gives a 10 percent discount on a 5,000 naira item. What is the selling price?","4,000","4,500","4,950","5,000","B"
"MTH201","A student scored 45 out of 60 in a test. What is the percentage score?","70","80","75","85","C"
"MTH201","What is 2 to the power of 5?","10","32","16","25","B"
"MTH201","How many minutes are there in 2 and a half hours?","120","180","200","150","D"
"MTH201","How many seconds are there in 5 minutes?","300","600","500","350","A"
"MTH201","How many days are there in a leap year?","366","365","364","367","A"
"MTH201","What is the perimeter of a rectangle whose length is 8 cm and width is 5 cm?","13 cm","26 cm","26 square cm","40 cm","B"
"MTH201","What is the area of a rectangle of length 9 m and width 4 m?","13 square m","26 square m","36 square m","36 m","C"
"MTH201","What is the area of a square of side 6 cm?","24 square cm","36 square cm","12 square cm","30 square cm","B"
"MTH201","What is the volume of a cuboid of dimensions 2 cm, 3 cm and 5 cm?","30 cubic cm","10 cubic cm","15 cubic cm","60 cubic cm","A"
"MTH201","What is the value of pi to two decimal places?","2.14","31.4","3.14","3.41","C"
"MTH201","Which of these is the correct formula for the area of a triangle?","A equals base plus height","A equals base times height","A equals half of base squared","A equals half of base times height","D"
"MTH201","The angles of a triangle add up to","90 degrees","180 degrees","360 degrees","270 degrees","B"
"MTH201","How many degrees are there in a right angle?","45","90","180","360","B"
"MTH201","A line that divides a circle into two equal parts is called a","radius","diameter","chord","arc","B"
"MTH201","Two parallel lines cut by a transversal form how many pairs of co-interior angles?","One","Three","Two","Four","B"
"MTH201","What is the name of the angle that measures 90 degrees?","Reflex","Obtuse","Right","Acute","C"
"MTH201","Evaluate 15 + 8 times 3 - 2.","43","19","45","37","D"
"MTH201","Evaluate 36 divided by 6 plus 4.","2","12","10","6","C"
"MTH201","Evaluate 5 squared plus 3 times 2.","21","19","31","25","B"
"MTH201","Evaluate (2 + 3) times 4 minus 5.","20","23","15","25","C"
"MTH201","What is 10 percent of 350?","25","35","350","3500","B"
"MTH201","A farmer harvests 24 bags of maize and sells them at 1,500 naira each. How much is this worth?","36,000","30,000","15,000","24,000","A"
"MTH201","How many boxes of 24 bottles each can be filled from 600 bottles?","24","20","25","30","C"
"MTH201","What is the cost of 7 oranges at 45 naira each?","280","350","315","320","C"
"MTH201","A bus carries 50 passengers. How many passengers in 6 buses?","350","3000","560","300","D"
"MTH201","What is the smallest three-digit number?","101","110","999","100","D"
"MTH201","What is the largest two-digit prime number?","99","91","97","89","C"
"MTH201","Which of these is a multiple of 9?","49","45","47","46","B"
"MTH201","What is the next number in the sequence 2, 4, 6, 8, ___?","10","11","9","12","A"
"MTH201","What is the next number in the sequence 3, 6, 12, 24, ___?","30","48","60","36","B"
"MTH201","Complete the pattern: 1, 3, 5, 7, ___","8","10","9","11","C"
"MTH201","Complete the pattern: 100, 90, 80, 70, ___","60","65","69","55","A"
"MTH201","Evaluate sin 30 degrees.","0.5","0.866","1","root 3 over 2","A"
"MTH201","Evaluate cos 60 degrees.","root 3 over 2","1","0.866","0.5","D"
"MTH201","Evaluate tan 45 degrees.","root 3","0","2","1","D"
"MTH201","What is the hypotenuse of a right-angled triangle with legs 3 cm and 4 cm?","6 cm","5 cm","12 cm","7 cm","B"
"MTH201","What is the value of 3 to the power of 0?","0","3","1","9","C"
"MTH201","Which of these expressions is a prime number?","91","87","93","89","D"
"MTH201","What is the cube root of 125?","3","15","5","25","C"
"MTH201","Convert 0.6 to a fraction in lowest terms.","5 over 8","3 over 4","2 over 3","3 over 5","D"
"MTH201","If a number is increased by 20% and the result is 240, what was the number?","200","220","192","180","A"
"MTH201","A quantity increases from 50 to 60. What is the percentage increase?","10%","20%","25%","16.67%","B"
"MTH201","The coordinates of point P are (3, 5). Which quadrant is it in?","Quadrant II","Quadrant III","Quadrant IV","Quadrant I","D"
"MTH201","How many axes of symmetry does a square have?","Four","One","Two","Three","A"
"MTH201","What is the sum of interior angles of a triangle?","180 degrees","90 degrees","360 degrees","270 degrees","A"
"MTH201","Evaluate 3 factorial.","12","6","3","9","B"
"MTH201","If the HCF of two numbers is 6 and one number is 24, which could be a common multiple of both?","24","12","48","30","C"
"MTH201","How many naira is 5 fifty naira notes?","55","250","550","500","B"
"MTH201","What is the value of 27 divided by 9?","6","3","9","18","B"
"MTH201","If 3 pencils cost 90 naira, how much will 7 pencils cost?","180","240","270","210","D"
"MTH201","What is the average of 10, 20, 30 and 40?","20","30","25","35","C"
"MTH201","Evaluate 2 raised to the power of 8.","512","64","128","256","D"
"MTH201","What is the smallest prime number greater than 50?","59","53","51","61","B"
"MTH201","A right angle is exactly","45 degrees","90 degrees","180 degrees","120 degrees","B"
"MTH201","What is the value of x if 5x equals 35?","5","6","7","8","C"
"MTH201","Convert 5 centimeters to millimeters.","50 mm","0.5 mm","500 mm","5000 mm","A"
"MTH201","Convert 2 kilometers to meters.","20 m","2,000 m","200 m","20,000 m","B"
"MTH201","What is the value of 100 minus 37?","73","67","53","63","D"
"MTH201","Which of these is the correct order from least to greatest?","1/4, 1/2, 1/8","1/2, 1/4, 1/8","1/2, 1/8, 1/4","1/8, 1/4, 1/2","D"
"MTH201","Evaluate the median of 4, 4, 6, 8 and 10.","4","10","8","6","D"
"MTH201","A man buys 20 oranges at 30 naira each and sells them at 35 naira each. What is his profit?","100","50","150","200","A"
"MTH201","What is the value of 8 squared minus 4 squared?","60","48","64","12","B"
"MTH201","How many faces does a cube have?","4","8","6","12","C"
"MTH201","How many edges does a cuboid have?","10","8","6","12","D"
"MTH201","What is the sum of all exterior angles of any polygon?","180 degrees","360 degrees","90 degrees","270 degrees","B"
"MTH201","If the probability of an event is 0, what does it mean?","The event is certain","The event is impossible","The event is random","The event is likely","B"
"MTH201","The probability of NOT obtaining a head when a fair coin is tossed is","1/4","0","1","1/2","D"
"MTH201","Which of these is a fair coin?","A coin with one head and one tail","A coin with two heads","A coin with two tails","A three-headed coin","A"
"MTH201","A bag contains 3 red and 7 blue balls. If one ball is drawn at random, what is the probability that it is red?","3/10","3/7","7/10","1/3","A"
"MTH201","Two fair dice are thrown. What is the probability that the total score is 2?","1/3","1/12","1/6","1/36","D"
"MTH201","How many outcomes are possible when two fair dice are thrown together?","24","36","12","48","B"
"MTH201","Which of these is a multiple of both 3 and 4?","12","7","5","10","A"
"MTH201","What is the value of the median in 2, 4, 4, 6, 8?","4","5","6","2","A"
"MTH201","Which of these is a factor of 100?","35","25","45","55","B"
"MTH201","What is 1/5 expressed as a percentage?","5%","50%","20%","80%","C"
"MTH201","A shopkeeper buys 40 oranges and 5 are spoiled. How many are left?","35","30","45","40","A"
"MTH201","Evaluate the mean of 6, 8, 10 and 12.","9","10","8","11","A"
"MTH201","What is the sum of the first 10 natural numbers?","55","45","100","50","A"
"MTH201","If x is 4 and y is 7, what is the value of 2x plus 3y?","21","27","23","29","D"
"MTH201","What is the value of 3 to the power of 4?","12","27","81","64","C"
"MTH201","Which of these numbers is a perfect square?","45","50","64","75","C"
"MTH201","What is the value of 144 divided by 12?","14","11","12","10","C"
"MTH201","A rectangle has a length of 12 cm and a width of 5 cm. What is its area?","34 square cm","17 square cm","60 square cm","60 cm","C"
"MTH201","What is the value of one quarter of 96?","12","48","24","32","C"
"MTH201","How many minutes are there in 3 and a half hours?","210","180","200","240","A"
"MTH201","What is the next term: 1, 4, 9, 16, ___?","20","24","36","25","D"
"MTH201","Complete the ratio 3 is to 9 as 4 is to ___","10","16","12","20","C"
"MTH201","If the angles of a polygon add up to 1080 degrees, how many sides has it?","8","7","5","6","D"
"MTH201","What is the value of 1 over 4 plus 1 over 4?","1 over 4","1 over 8","1 over 2","2 over 4","C"
